map_name,raw_value,encoded_id,technology,source,physical_meaning
cell_type_id,AND2_X1,0,nangate45,Liberty cell,2输入AND驱动强度X1
cell_type_id,AND2_X2,1,nangate45,Liberty cell,2输入AND驱动强度X2
cell_type_id,AND2_X4,2,nangate45,Liberty cell,2输入AND驱动强度X4
cell_type_id,AND3_X1,3,nangate45,Liberty cell,3输入AND驱动强度X1
cell_type_id,AND3_X2,4,nangate45,Liberty cell,3输入AND驱动强度X2
cell_type_id,AND3_X4,5,nangate45,Liberty cell,3输入AND驱动强度X4
cell_type_id,AND4_X1,6,nangate45,Liberty cell,4输入AND驱动强度X1
cell_type_id,AND4_X2,7,nangate45,Liberty cell,4输入AND驱动强度X2
cell_type_id,AND4_X4,8,nangate45,Liberty cell,4输入AND驱动强度X4
cell_type_id,ANTENNA_X1,9,nangate45,Liberty cell,天线修复单元
cell_type_id,AOI211_X1,10,nangate45,Liberty cell,AOI211驱动强度X1
cell_type_id,AOI211_X2,11,nangate45,Liberty cell,AOI211驱动强度X2
cell_type_id,AOI211_X4,12,nangate45,Liberty cell,AOI211驱动强度X4
cell_type_id,AOI21_X1,13,nangate45,Liberty cell,AOI21驱动强度X1
cell_type_id,AOI21_X2,14,nangate45,Liberty cell,AOI21驱动强度X2
cell_type_id,AOI21_X4,15,nangate45,Liberty cell,AOI21驱动强度X4
cell_type_id,AOI221_X1,16,nangate45,Liberty cell,AOI221驱动强度X1
cell_type_id,AOI221_X2,17,nangate45,Liberty cell,AOI221驱动强度X2
cell_type_id,AOI221_X4,18,nangate45,Liberty cell,AOI221驱动强度X4
cell_type_id,AOI222_X1,19,nangate45,Liberty cell,AOI222驱动强度X1
cell_type_id,AOI222_X2,20,nangate45,Liberty cell,AOI222驱动强度X2
cell_type_id,AOI222_X4,21,nangate45,Liberty cell,AOI222驱动强度X4
cell_type_id,AOI22_X1,22,nangate45,Liberty cell,AOI22驱动强度X1
cell_type_id,AOI22_X2,23,nangate45,Liberty cell,AOI22驱动强度X2
cell_type_id,AOI22_X4,24,nangate45,Liberty cell,AOI22驱动强度X4
cell_type_id,BUF_X1,25,nangate45,Liberty cell,缓冲器驱动强度X1
cell_type_id,BUF_X16,26,nangate45,Liberty cell,缓冲器驱动强度X16
cell_type_id,BUF_X2,27,nangate45,Liberty cell,缓冲器驱动强度X2
cell_type_id,BUF_X32,28,nangate45,Liberty cell,缓冲器驱动强度X32
cell_type_id,BUF_X4,29,nangate45,Liberty cell,缓冲器驱动强度X4
cell_type_id,BUF_X8,30,nangate45,Liberty cell,缓冲器驱动强度X8
cell_type_id,CLKBUF_X1,31,nangate45,Liberty cell,时钟缓冲器X1
cell_type_id,CLKBUF_X2,32,nangate45,Liberty cell,时钟缓冲器X2
cell_type_id,CLKBUF_X3,33,nangate45,Liberty cell,时钟缓冲器X3
cell_type_id,CLKGATETST_X1,34,nangate45,Liberty cell,测试时钟门控X1
cell_type_id,CLKGATETST_X2,35,nangate45,Liberty cell,测试时钟门控X2
cell_type_id,CLKGATETST_X4,36,nangate45,Liberty cell,测试时钟门控X4
cell_type_id,CLKGATETST_X8,37,nangate45,Liberty cell,测试时钟门控X8
cell_type_id,CLKGATE_X1,38,nangate45,Liberty cell,时钟门控X1
cell_type_id,CLKGATE_X2,39,nangate45,Liberty cell,时钟门控X2
cell_type_id,CLKGATE_X4,40,nangate45,Liberty cell,时钟门控X4
cell_type_id,CLKGATE_X8,41,nangate45,Liberty cell,时钟门控X8
cell_type_id,DFFRS_X1,42,nangate45,Liberty cell,复位置位DFF X1
cell_type_id,DFFRS_X2,43,nangate45,Liberty cell,复位置位DFF X2
cell_type_id,DFFR_X1,44,nangate45,Liberty cell,复位DFF X1
cell_type_id,DFFR_X2,45,nangate45,Liberty cell,复位DFF X2
cell_type_id,DFFS_X1,46,nangate45,Liberty cell,置位DFF X1
cell_type_id,DFFS_X2,47,nangate45,Liberty cell,置位DFF X2
cell_type_id,DFF_X1,48,nangate45,Liberty cell,DFF X1
cell_type_id,DFF_X2,49,nangate45,Liberty cell,DFF X2
cell_type_id,DLH_X1,50,nangate45,Liberty cell,高电平锁存器X1
cell_type_id,DLH_X2,51,nangate45,Liberty cell,高电平锁存器X2
cell_type_id,DLL_X1,52,nangate45,Liberty cell,低电平锁存器X1
cell_type_id,DLL_X2,53,nangate45,Liberty cell,低电平锁存器X2
cell_type_id,FA_X1,54,nangate45,Liberty cell,全加器
cell_type_id,FILLCELL_X1,55,nangate45,Liberty cell,填充单元X1
cell_type_id,FILLCELL_X16,56,nangate45,Liberty cell,填充单元X16
cell_type_id,FILLCELL_X2,57,nangate45,Liberty cell,填充单元X2
cell_type_id,FILLCELL_X32,58,nangate45,Liberty cell,填充单元X32
cell_type_id,FILLCELL_X4,59,nangate45,Liberty cell,填充单元X4
cell_type_id,FILLCELL_X8,60,nangate45,Liberty cell,填充单元X8
cell_type_id,HA_X1,61,nangate45,Liberty cell,半加器
cell_type_id,INV_X1,62,nangate45,Liberty cell,反相器X1
cell_type_id,INV_X16,63,nangate45,Liberty cell,反相器X16
cell_type_id,INV_X2,64,nangate45,Liberty cell,反相器X2
cell_type_id,INV_X32,65,nangate45,Liberty cell,反相器X32
cell_type_id,INV_X4,66,nangate45,Liberty cell,反相器X4
cell_type_id,INV_X8,67,nangate45,Liberty cell,反相器X8
cell_type_id,LOGIC0_X1,68,nangate45,Liberty cell,逻辑常量0
cell_type_id,LOGIC1_X1,69,nangate45,Liberty cell,逻辑常量1
cell_type_id,MUX2_X1,70,nangate45,Liberty cell,2选1多路器X1
cell_type_id,MUX2_X2,71,nangate45,Liberty cell,2选1多路器X2
cell_type_id,NAND2_X1,72,nangate45,Liberty cell,2输入NAND X1
cell_type_id,NAND2_X2,73,nangate45,Liberty cell,2输入NAND X2
cell_type_id,NAND2_X4,74,nangate45,Liberty cell,2输入NAND X4
cell_type_id,NAND3_X1,75,nangate45,Liberty cell,3输入NAND X1
cell_type_id,NAND3_X2,76,nangate45,Liberty cell,3输入NAND X2
cell_type_id,NAND3_X4,77,nangate45,Liberty cell,3输入NAND X4
cell_type_id,NAND4_X1,78,nangate45,Liberty cell,4输入NAND X1
cell_type_id,NAND4_X2,79,nangate45,Liberty cell,4输入NAND X2
cell_type_id,NAND4_X4,80,nangate45,Liberty cell,4输入NAND X4
cell_type_id,NOR2_X1,81,nangate45,Liberty cell,2输入NOR X1
cell_type_id,NOR2_X2,82,nangate45,Liberty cell,2输入NOR X2
cell_type_id,NOR2_X4,83,nangate45,Liberty cell,2输入NOR X4
cell_type_id,NOR3_X1,84,nangate45,Liberty cell,3输入NOR X1
cell_type_id,NOR3_X2,85,nangate45,Liberty cell,3输入NOR X2
cell_type_id,NOR3_X4,86,nangate45,Liberty cell,3输入NOR X4
cell_type_id,NOR4_X1,87,nangate45,Liberty cell,4输入NOR X1
cell_type_id,NOR4_X2,88,nangate45,Liberty cell,4输入NOR X2
cell_type_id,NOR4_X4,89,nangate45,Liberty cell,4输入NOR X4
cell_type_id,OAI211_X1,90,nangate45,Liberty cell,OAI211驱动强度X1
cell_type_id,OAI211_X2,91,nangate45,Liberty cell,OAI211驱动强度X2
cell_type_id,OAI211_X4,92,nangate45,Liberty cell,OAI211驱动强度X4
cell_type_id,OAI21_X1,93,nangate45,Liberty cell,OAI21驱动强度X1
cell_type_id,OAI21_X2,94,nangate45,Liberty cell,OAI21驱动强度X2
cell_type_id,OAI21_X4,95,nangate45,Liberty cell,OAI21驱动强度X4
cell_type_id,OAI221_X1,96,nangate45,Liberty cell,OAI221驱动强度X1
cell_type_id,OAI221_X2,97,nangate45,Liberty cell,OAI221驱动强度X2
cell_type_id,OAI221_X4,98,nangate45,Liberty cell,OAI221驱动强度X4
cell_type_id,OAI222_X1,99,nangate45,Liberty cell,OAI222驱动强度X1
cell_type_id,OAI222_X2,100,nangate45,Liberty cell,OAI222驱动强度X2
cell_type_id,OAI222_X4,101,nangate45,Liberty cell,OAI222驱动强度X4
cell_type_id,OAI22_X1,102,nangate45,Liberty cell,OAI22驱动强度X1
cell_type_id,OAI22_X2,103,nangate45,Liberty cell,OAI22驱动强度X2
cell_type_id,OAI22_X4,104,nangate45,Liberty cell,OAI22驱动强度X4
cell_type_id,OAI33_X1,105,nangate45,Liberty cell,OAI33驱动强度X1
cell_type_id,OR2_X1,106,nangate45,Liberty cell,2输入OR X1
cell_type_id,OR2_X2,107,nangate45,Liberty cell,2输入OR X2
cell_type_id,OR2_X4,108,nangate45,Liberty cell,2输入OR X4
cell_type_id,OR3_X1,109,nangate45,Liberty cell,3输入OR X1
cell_type_id,OR3_X2,110,nangate45,Liberty cell,3输入OR X2
cell_type_id,OR3_X4,111,nangate45,Liberty cell,3输入OR X4
cell_type_id,OR4_X1,112,nangate45,Liberty cell,4输入OR X1
cell_type_id,OR4_X2,113,nangate45,Liberty cell,4输入OR X2
cell_type_id,OR4_X4,114,nangate45,Liberty cell,4输入OR X4
cell_type_id,SDFFRS_X1,115,nangate45,Liberty cell,扫描复位置位DFF X1
cell_type_id,SDFFRS_X2,116,nangate45,Liberty cell,扫描复位置位DFF X2
cell_type_id,SDFFR_X1,117,nangate45,Liberty cell,扫描复位DFF X1
cell_type_id,SDFFR_X2,118,nangate45,Liberty cell,扫描复位DFF X2
cell_type_id,SDFFS_X1,119,nangate45,Liberty cell,扫描置位DFF X1
cell_type_id,SDFFS_X2,120,nangate45,Liberty cell,扫描置位DFF X2
cell_type_id,SDFF_X1,121,nangate45,Liberty cell,扫描DFF X1
cell_type_id,SDFF_X2,122,nangate45,Liberty cell,扫描DFF X2
cell_type_id,TAPCELL_X1,123,nangate45,Liberty cell,TAP单元
cell_type_id,TBUF_X1,124,nangate45,Liberty cell,三态缓冲器X1
cell_type_id,TBUF_X16,125,nangate45,Liberty cell,三态缓冲器X16
cell_type_id,TBUF_X2,126,nangate45,Liberty cell,三态缓冲器X2
cell_type_id,TBUF_X4,127,nangate45,Liberty cell,三态缓冲器X4
cell_type_id,TBUF_X8,128,nangate45,Liberty cell,三态缓冲器X8
cell_type_id,TINV_X1,129,nangate45,Liberty cell,三态反相器
cell_type_id,TLAT_X1,130,nangate45,Liberty cell,透明锁存器
cell_type_id,XNOR2_X1,131,nangate45,Liberty cell,2输入XNOR X1
cell_type_id,XNOR2_X2,132,nangate45,Liberty cell,2输入XNOR X2
cell_type_id,XOR2_X1,133,nangate45,Liberty cell,2输入XOR X1
cell_type_id,XOR2_X2,134,nangate45,Liberty cell,2输入XOR X2
cell_type_id,UNKNOWN,135,nangate45,Mapping fallback,编码表未收录的标准单元
cell_type_id,FAKERAM45_1024X32,136,nangate45,Macro Liberty cell,1024深度32位SRAM宏
cell_type_id,FAKERAM45_128X116,137,nangate45,Macro Liberty cell,128深度116位SRAM宏
cell_type_id,FAKERAM45_128X256,138,nangate45,Macro Liberty cell,128深度256位SRAM宏
cell_type_id,FAKERAM45_128X32,139,nangate45,Macro Liberty cell,128深度32位SRAM宏
cell_type_id,FAKERAM45_2048X39,140,nangate45,Macro Liberty cell,2048深度39位SRAM宏
cell_type_id,FAKERAM45_256X16,141,nangate45,Macro Liberty cell,256深度16位SRAM宏
cell_type_id,FAKERAM45_256X32,142,nangate45,Macro Liberty cell,256深度32位SRAM宏
cell_type_id,FAKERAM45_256X34,143,nangate45,Macro Liberty cell,256深度34位SRAM宏
cell_type_id,FAKERAM45_256X48,144,nangate45,Macro Liberty cell,256深度48位SRAM宏
cell_type_id,FAKERAM45_256X95,145,nangate45,Macro Liberty cell,256深度95位SRAM宏
cell_type_id,FAKERAM45_256X96,146,nangate45,Macro Liberty cell,256深度96位SRAM宏
cell_type_id,FAKERAM45_32X32,147,nangate45,Macro Liberty cell,32深度32位SRAM宏
cell_type_id,FAKERAM45_32X64,148,nangate45,Macro Liberty cell,32深度64位SRAM宏
cell_type_id,FAKERAM45_512X64,149,nangate45,Macro Liberty cell,512深度64位SRAM宏
cell_type_id,FAKERAM45_64X124,150,nangate45,Macro Liberty cell,64深度124位SRAM宏
cell_type_id,FAKERAM45_64X15,151,nangate45,Macro Liberty cell,64深度15位SRAM宏
cell_type_id,FAKERAM45_64X21,152,nangate45,Macro Liberty cell,64深度21位SRAM宏
cell_type_id,FAKERAM45_64X32,153,nangate45,Macro Liberty cell,64深度32位SRAM宏
cell_type_id,FAKERAM45_64X62,154,nangate45,Macro Liberty cell,64深度62位SRAM宏
cell_type_id,FAKERAM45_64X64,155,nangate45,Macro Liberty cell,64深度64位SRAM宏
cell_type_id,FAKERAM45_64X7,156,nangate45,Macro Liberty cell,64深度7位SRAM宏
cell_type_id,FAKERAM45_64X96,157,nangate45,Macro Liberty cell,64深度96位SRAM宏
orientation_id,N,0,global,DEF orientation,未旋转
orientation_id,S,1,global,DEF orientation,旋转180度
orientation_id,E,2,global,DEF orientation,旋转270度
orientation_id,W,3,global,DEF orientation,旋转90度
orientation_id,FN,4,global,DEF orientation,沿Y轴镜像
orientation_id,FS,5,global,DEF orientation,沿X轴镜像
orientation_id,FE,6,global,DEF orientation,镜像后旋转
orientation_id,FW,7,global,DEF orientation,镜像后旋转
orientation_id,UNKNOWN,-1,global,Mapping fallback,未知方向
placement_status_id,PLACED,0,global,DEF placement status,已放置
placement_status_id,FIXED,1,global,DEF placement status,固定
placement_status_id,UNPLACED,2,global,DEF placement status,未放置
placement_status_id,UNKNOWN,-1,global,Mapping fallback,未知放置状态
pin_direction_id,INPUT,0,global,Liberty or DEF direction,输入Pin
pin_direction_id,OUTPUT,1,global,Liberty or DEF direction,输出Pin
pin_direction_id,INOUT,2,global,Liberty or DEF direction,双向Pin
pin_direction_id,FEEDTHRU,3,global,Liberty or DEF direction,直通Pin
pin_direction_id,UNKNOWN,-1,global,Mapping fallback,未知Pin方向
net_type_id,SIGNAL,0,global,DEF use and name rule,普通信号Net
net_type_id,POWER,1,global,DEF use and name rule,电源Net
net_type_id,GROUND,2,global,DEF use and name rule,地Net
net_type_id,CLOCK,3,global,SDC DEF use or name rule,时钟Net
net_type_id,RESET,4,global,Net name rule,复位Net
net_type_id,SCAN_TEST,5,global,Net name rule,扫描或测试Net
net_type_id,UNKNOWN,-1,global,Mapping fallback,未知Net类型
pin_type_id,INPUT_A,0,global,Pin semantic rule,A类数据输入
pin_type_id,INPUT_B,1,global,Pin semantic rule,B类数据输入
pin_type_id,INPUT_C,2,global,Pin semantic rule,C类数据输入
pin_type_id,INPUT_OTHER,3,global,Pin semantic rule,其他数据输入
pin_type_id,OUTPUT,4,global,Pin semantic rule,普通输出
pin_type_id,CLOCK,5,global,Pin semantic rule,时钟Pin
pin_type_id,RESET,6,global,Pin semantic rule,复位Pin
pin_type_id,SET,7,global,Pin semantic rule,置位Pin
pin_type_id,ENABLE,8,global,Pin semantic rule,使能Pin
pin_type_id,SCAN,9,global,Pin semantic rule,扫描Pin
pin_type_id,SELECT,10,global,Pin semantic rule,选择Pin
pin_type_id,INOUT_FEEDTHRU,11,global,Pin semantic rule,双向或直通Pin
pin_type_id,POWER,12,global,Pin semantic rule,电源Pin
pin_type_id,GROUND,13,global,Pin semantic rule,地Pin
pin_type_id,UNKNOWN,14,global,Mapping fallback,未知Pin类型
pin_layer_id,METAL1,0,nangate45,LEF layer,金属层1
pin_layer_id,METAL2,1,nangate45,LEF layer,金属层2
pin_layer_id,METAL3,2,nangate45,LEF layer,金属层3
pin_layer_id,METAL4,3,nangate45,LEF layer,金属层4
pin_layer_id,METAL5,4,nangate45,LEF layer,金属层5
pin_layer_id,METAL6,5,nangate45,LEF layer,金属层6
pin_layer_id,METAL7,6,nangate45,LEF layer,金属层7
pin_layer_id,METAL8,7,nangate45,LEF layer,金属层8
pin_layer_id,METAL9,8,nangate45,LEF layer,金属层9
pin_layer_id,METAL10,9,nangate45,LEF layer,金属层10
pin_layer_id,VIA1,10,nangate45,LEF layer,通孔层1
pin_layer_id,VIA2,11,nangate45,LEF layer,通孔层2
pin_layer_id,VIA3,12,nangate45,LEF layer,通孔层3
pin_layer_id,VIA4,13,nangate45,LEF layer,通孔层4
pin_layer_id,VIA5,14,nangate45,LEF layer,通孔层5
pin_layer_id,VIA6,15,nangate45,LEF layer,通孔层6
pin_layer_id,VIA7,16,nangate45,LEF layer,通孔层7
pin_layer_id,VIA8,17,nangate45,LEF layer,通孔层8
pin_layer_id,VIA9,18,nangate45,LEF layer,通孔层9
pin_layer_id,UNKNOWN,21,nangate45,Mapping fallback,未知或非布线层
cell_function_id,COMBINATIONAL_LOGIC,0,global,Liberty cell classification,普通组合逻辑单元
cell_function_id,SEQUENTIAL_FF,1,global,Liberty ff group,触发器单元
cell_function_id,SEQUENTIAL_LATCH,2,global,Liberty latch group,锁存器单元
cell_function_id,BUFFER,3,global,Liberty function and cell master,普通缓冲器
cell_function_id,INVERTER,4,global,Liberty function and cell master,反相器
cell_function_id,CLOCK_BUFFER,5,global,Liberty function and cell master,时钟缓冲器
cell_function_id,CLOCK_GATE,6,global,Liberty function and cell master,时钟门控单元
cell_function_id,CONSTANT,7,global,Liberty function and cell master,常量驱动单元
cell_function_id,TRISTATE,8,global,Liberty function and cell master,三态逻辑单元
cell_function_id,PHYSICAL_ONLY,9,global,LEF or cell master,物理专用单元
cell_function_id,UNKNOWN,10,global,Mapping fallback,未知Cell功能
pin_role_id,COMBINATIONAL_INPUT,0,global,Liberty direction and cell class,组合单元输入Pin
pin_role_id,COMBINATIONAL_OUTPUT,1,global,Liberty direction and cell class,组合单元输出Pin
pin_role_id,DATA,2,global,Liberty sequential cell,时序单元数据输入Pin
pin_role_id,Q,3,global,Liberty sequential cell,时序单元Q输出Pin
pin_role_id,CLOCK,4,global,Liberty clock property,内部时钟Pin
pin_role_id,RESET,5,global,Liberty pin semantic,复位Pin
pin_role_id,SET,6,global,Liberty pin semantic,置位Pin
pin_role_id,ENABLE,7,global,Liberty pin semantic,使能Pin
pin_role_id,SCAN,8,global,Liberty pin semantic,扫描Pin
pin_role_id,SELECT,9,global,Liberty pin semantic,选择Pin
pin_role_id,INOUT,10,global,Liberty direction,双向Pin
pin_role_id,PRIMARY_INPUT,11,global,DEF pin direction,芯片主输入端口
pin_role_id,PRIMARY_OUTPUT,12,global,DEF pin direction,芯片主输出端口
pin_role_id,PRIMARY_INOUT,13,global,DEF pin direction,芯片双向端口
pin_role_id,CLOCK_PORT,14,global,SDC create_clock root,芯片时钟根端口
pin_role_id,POWER,15,global,Liberty pin semantic,电源Pin
pin_role_id,GROUND,16,global,Liberty pin semantic,地Pin
pin_role_id,UNKNOWN,17,global,Mapping fallback,未知Pin角色
clock_domain_id,DOMAIN_0,0,global,Per-design SDC clock ordering,设计内第0个时钟域
clock_domain_id,DOMAIN_1,1,global,Per-design SDC clock ordering,设计内第1个时钟域
clock_domain_id,DOMAIN_2,2,global,Per-design SDC clock ordering,设计内第2个时钟域
clock_domain_id,DOMAIN_3,3,global,Per-design SDC clock ordering,设计内第3个时钟域
clock_domain_id,DOMAIN_4,4,global,Per-design SDC clock ordering,设计内第4个时钟域
clock_domain_id,DOMAIN_5,5,global,Per-design SDC clock ordering,设计内第5个时钟域
clock_domain_id,DOMAIN_6,6,global,Per-design SDC clock ordering,设计内第6个时钟域
clock_domain_id,DOMAIN_7,7,global,Per-design SDC clock ordering,设计内第7个时钟域
clock_domain_id,DOMAIN_8,8,global,Per-design SDC clock ordering,设计内第8个时钟域
clock_domain_id,DOMAIN_9,9,global,Per-design SDC clock ordering,设计内第9个时钟域
clock_domain_id,DOMAIN_10,10,global,Per-design SDC clock ordering,设计内第10个时钟域
clock_domain_id,DOMAIN_11,11,global,Per-design SDC clock ordering,设计内第11个时钟域
clock_domain_id,DOMAIN_12,12,global,Per-design SDC clock ordering,设计内第12个时钟域
clock_domain_id,DOMAIN_13,13,global,Per-design SDC clock ordering,设计内第13个时钟域
clock_domain_id,DOMAIN_14,14,global,Per-design SDC clock ordering,设计内第14个时钟域
clock_domain_id,DOMAIN_15,15,global,Per-design SDC clock ordering,设计内第15个时钟域
clock_domain_id,DOMAIN_16,16,global,Per-design SDC clock ordering,设计内第16个时钟域
clock_domain_id,DOMAIN_17,17,global,Per-design SDC clock ordering,设计内第17个时钟域
clock_domain_id,DOMAIN_18,18,global,Per-design SDC clock ordering,设计内第18个时钟域
clock_domain_id,DOMAIN_19,19,global,Per-design SDC clock ordering,设计内第19个时钟域
clock_domain_id,DOMAIN_20,20,global,Per-design SDC clock ordering,设计内第20个时钟域
clock_domain_id,DOMAIN_21,21,global,Per-design SDC clock ordering,设计内第21个时钟域
clock_domain_id,DOMAIN_22,22,global,Per-design SDC clock ordering,设计内第22个时钟域
clock_domain_id,DOMAIN_23,23,global,Per-design SDC clock ordering,设计内第23个时钟域
clock_domain_id,DOMAIN_24,24,global,Per-design SDC clock ordering,设计内第24个时钟域
clock_domain_id,DOMAIN_25,25,global,Per-design SDC clock ordering,设计内第25个时钟域
clock_domain_id,DOMAIN_26,26,global,Per-design SDC clock ordering,设计内第26个时钟域
clock_domain_id,DOMAIN_27,27,global,Per-design SDC clock ordering,设计内第27个时钟域
clock_domain_id,DOMAIN_28,28,global,Per-design SDC clock ordering,设计内第28个时钟域
clock_domain_id,DOMAIN_29,29,global,Per-design SDC clock ordering,设计内第29个时钟域
clock_domain_id,DOMAIN_30,30,global,Per-design SDC clock ordering,设计内第30个时钟域
clock_domain_id,DOMAIN_31,31,global,Per-design SDC clock ordering,设计内第31个时钟域
clock_domain_id,UNKNOWN,-1,global,Mapping fallback,无有效时钟域或超过预设上限
